region	file	title	issuing_body	publication_or_current_date	retrieval_date	source_url	landing_page	authority_class	status
local	local/thhs-rspp-radiation-therapy-practices-v6.0-r1.docx	Radiation Safety and Protection Plan for Radiation Therapy Practices	Townsville Hospital and Health Service	Version 6.0 - Revision 1 (v6.01)	2026-09-16	not-publicly-available	not-publicly-available	Approved local RSPP; operational within Queensland legislation, licence and approval conditions	retained_local
queensland	queensland/radiation-safety-act-1999.pdf	Radiation Safety Act 1999	Office of the Queensland Parliamentary Counsel	Current as at 23 September 2025	2026-09-16	https://www.legislation.qld.gov.au/view/whole/pdf/inforce/current/act-1999-020	https://www.legislation.qld.gov.au/view/whole/html/inforce/current/act-1999-020	Queensland Act; legally binding primary legislation	downloaded
queensland	queensland/radiation-safety-regulation-2021.pdf	Radiation Safety Regulation 2021	Office of the Queensland Parliamentary Counsel	Current as at 1 October 2025	2026-09-16	https://www.legislation.qld.gov.au/view/whole/pdf/inforce/current/sl-2021-0125	https://www.legislation.qld.gov.au/view/whole/html/inforce/current/sl-2021-0125	Queensland regulation; subordinate legislation	downloaded
queensland	queensland/radiation-safety-standards-notice-2021.pdf	Radiation Safety (Radiation Safety Standards) Notice 2021	Office of the Queensland Parliamentary Counsel	Current as at 1 September 2021	2026-09-16	https://www.legislation.qld.gov.au/view/whole/pdf/inforce/current/sl-2021-0133	https://www.legislation.qld.gov.au/view/whole/html/inforce/current/sl-2021-0133	Queensland notice; subordinate legislation	downloaded
queensland	queensland/standard-for-premises-ionising-radiation-sources-2021.pdf	Standard for premises--ionising radiation sources (2021)	Queensland Health	Made 13 August 2021; expires 31 August 2031	2026-09-29	https://www.health.qld.gov.au/__data/assets/pdf_file/0019/1104661/premises-ionising-radiation-sources.pdf	https://www.health.qld.gov.au/system-governance/licences/radiation-licensing/legislation/resources	Queensland statutory radiation safety standard; official 2021 title does not use PR100	downloaded
queensland		Standard for ionising radiation apparatus--medical imaging (2021)	Queensland Health	Made 13 August 2021	2026-09-16	https://www.health.qld.gov.au/__data/assets/pdf_file/0026/1104659/ionising-radiation-apparatus-med-imaging.pdf	https://www.health.qld.gov.au/system-governance/licences/radiation-licensing/legislation/resources	Queensland statutory radiation safety standard	pending_official_download
australia	australia/ndrp2-2021.pdf	National Directory for Radiation Protection, 2nd Edition	Australian Radiation Protection and Nuclear Safety Agency	2021	2026-09-16	https://www.arpansa.gov.au/sites/default/files/national_directory_for_radiation_protection_-_2nd_edition_ndrp2.pdf	https://www.arpansa.gov.au/regulation-and-licensing/regulatory-publications/national-directory-for-radiation-protection	National framework containing regulatory elements for jurisdictional adoption	downloaded
australia	australia/rps-f-1-2014.pdf	Fundamentals for Protection Against Ionising Radiation	Australian Radiation Protection and Nuclear Safety Agency	2014	2026-09-16	https://www.arpansa.gov.au/sites/default/files/legacy/pubs/rps/rpsF-1.pdf	https://www.arpansa.gov.au/regulation-and-licensing/regulatory-publications/radiation-protection-series/fundamentals/rpsf-1	Non-mandatory national fundamentals	downloaded
australia	australia/rps-c-1-rev-1-2020.pdf	Code for Radiation Protection in Planned Exposure Situations, Rev. 1	Australian Radiation Protection and Nuclear Safety Agency	2020	2026-09-16	https://www.arpansa.gov.au/sites/default/files/20220404-rps_c-1_rev_1.pdf	https://www.arpansa.gov.au/regulation-and-licensing/regulatory-publications/radiation-protection-series/codes-and-standards/rpsc-1	National code capable of jurisdictional adoption	downloaded
australia	australia/rps-c-2-rev-1-2019.pdf	Code for the Safe Transport of Radioactive Material, Rev. 1	Australian Radiation Protection and Nuclear Safety Agency	2019	2026-09-16	https://www.arpansa.gov.au/sites/default/files/rps_c-2-2019.pdf	https://www.arpansa.gov.au/regulation-and-licensing/regulatory-publications/radiation-protection-series/codes-and-standards/rpsc-2	National code intended for jurisdictional adoption	downloaded
australia	australia/rps-c-5-2019.pdf	Code for Radiation Protection in Medical Exposure	Australian Radiation Protection and Nuclear Safety Agency	2019	2026-09-16	https://www.arpansa.gov.au/sites/default/files/medical-exposure-code-rps-c-5.pdf	https://www.arpansa.gov.au/regulation-and-licensing/regulatory-publications/radiation-protection-series/codes-and-standards/rpsc-5	National code capable of jurisdictional adoption	downloaded
australia	australia/rps-8-2005.pdf	Code of Practice for the Exposure of Humans to Ionizing Radiation for Research Purposes	Australian Radiation Protection and Nuclear Safety Agency	2005; electronic edition has Annex 4 removed January 2015	2026-09-16	https://www.arpansa.gov.au/sites/default/files/legacy/pubs/rps/rps8.pdf	https://www.arpansa.gov.au/regulation-and-licensing/regulatory-publications/radiation-protection-series/codes-and-standards/rps8	National code capable of jurisdictional adoption	downloaded
australia	australia/rps-11-2019.pdf	Code of Practice for the Security of Radioactive Sources	Australian Radiation Protection and Nuclear Safety Agency	2019 corrected edition	2026-09-16	https://www.arpansa.gov.au/sites/default/files/rps11.pdf	https://www.arpansa.gov.au/regulation-and-licensing/regulatory-publications/radiation-protection-series/codes-and-standards/rps11	National security code; legal force depends on adoption or licence conditions	downloaded
australia	australia/rps-14-3-2008.pdf	Safety Guide for Radiation Protection in Radiotherapy	Australian Radiation Protection and Nuclear Safety Agency	2008; electronic edition has Annex L removed January 2015	2026-09-16	https://www.arpansa.gov.au/sites/default/files/legacy/pubs/rps/rps14_3.pdf	https://www.arpansa.gov.au/regulation-and-licensing/regulatory-publications/radiation-protection-series/guides-and-recommendations/rps14-3	Non-mandatory guidance supporting RPS C-5	downloaded
international	international/icrp-publication-103-2007.pdf	The 2007 Recommendations of the International Commission on Radiological Protection, ICRP Publication 103	International Commission on Radiological Protection	2007	2026-09-17	https://journals.sagepub.com/doi/pdf/10.1177/ANIB_37_2-4	https://www.icrp.org/publication.asp?id=ICRP+Publication+103	International recommendation and professional consensus; not directly binding on a Queensland hospital	downloaded
international	international/iaea-sf-1-2006.pdf	Fundamental Safety Principles, IAEA Safety Standards Series No. SF-1	International Atomic Energy Agency	2006	2026-09-16	https://www-pub.iaea.org/MTCD/Publications/PDF/Pub1273_web.pdf	https://www.iaea.org/publications/7592/fundamental-safety-principles	International safety fundamentals; not directly binding on a Queensland hospital	downloaded
international	international/iaea-gsr-part-3-2014.pdf	Radiation Protection and Safety of Radiation Sources: International Basic Safety Standards, GSR Part 3	International Atomic Energy Agency and joint sponsoring organisations	2014	2026-09-16	https://www-pub.iaea.org/MTCD/Publications/PDF/Pub1578_web-57265295.pdf	https://www.iaea.org/publications/8930/radiation-protection-and-safety-of-radiation-sources-international-basic-safety-standards	International safety requirements; legal effect depends on national or jurisdictional adoption	downloaded
international	international/iaea-ssg-46-2018.pdf	Radiation Protection and Safety in Medical Uses of Ionizing Radiation, SSG-46	International Atomic Energy Agency and joint sponsoring organisations	2018	2026-09-16	https://www-pub.iaea.org/MTCD/Publications/PDF/PUB1775_web.pdf	https://www.iaea.org/publications/11102/radiation-protection-and-safety-in-medical-uses-of-ionizing-radiation	International specific safety guide; non-binding guidance	downloaded
international	international/iaea-safety-reports-series-47-2006.pdf	Radiation Protection in the Design of Radiotherapy Facilities, Safety Reports Series No. 47	International Atomic Energy Agency	2006	2026-09-16	https://www-pub.iaea.org/MTCD/Publications/PDF/Pub1223_web.pdf	https://www-pub.iaea.org/MTCD/Publications/PDF/Pub1223_web.pdf	International technical guidance; non-binding safety report	downloaded
