document_id	region	authority_class	summary	source
thhs-rspp-radiation-therapy-practices-v6.0-r1	local	approved local RSPP	../summaries/thhs-rspp-radiation-therapy-practices-v6.0-r1.org	../sources/local/thhs-rspp-radiation-therapy-practices-v6.0-r1.docx
radiation-safety-act-1999	queensland	Act	../summaries/radiation-safety-act-1999.org	../sources/queensland/radiation-safety-act-1999.pdf
radiation-safety-regulation-2021	queensland	Regulation	../summaries/radiation-safety-regulation-2021.org	../sources/queensland/radiation-safety-regulation-2021.pdf
radiation-safety-standards-notice-2021	queensland	Notice	../summaries/radiation-safety-standards-notice-2021.org	../sources/queensland/radiation-safety-standards-notice-2021.pdf
standard-for-premises-ionising-radiation-sources-2021	queensland	statutory standard	../summaries/standard-for-premises-ionising-radiation-sources-2021.org	https://www.health.qld.gov.au/__data/assets/pdf_file/0019/1104661/premises-ionising-radiation-sources.pdf
ndrp2-2021	australia	national framework	../summaries/ndrp2-2021.org	../sources/australia/ndrp2-2021.pdf
rps-f-1-2014	australia	fundamentals	../summaries/rps-f-1-2014.org	../sources/australia/rps-f-1-2014.pdf
rps-c-1-rev-1-2020	australia	national code	../summaries/rps-c-1-rev-1-2020.org	../sources/australia/rps-c-1-rev-1-2020.pdf
rps-c-5-2019	australia	prescribed code for relevant Queensland licensed practices	../summaries/rps-c-5-2019.org	../sources/australia/rps-c-5-2019.pdf
rps-14-3-2008	australia	non-mandatory guide	../summaries/rps-14-3-2008.org	../sources/australia/rps-14-3-2008.pdf
rps-c-2-rev-1-2019	australia	prescribed code for relevant Queensland transport practices	../summaries/rps-c-2-rev-1-2019.org	../sources/australia/rps-c-2-rev-1-2019.pdf
rps-11-2019	australia	prescribed code for relevant Queensland security-enhanced sources	../summaries/rps-11-2019.org	../sources/australia/rps-11-2019.pdf
rps-8-2005	australia	prescribed code for relevant Queensland research practices	../summaries/rps-8-2005.org	../sources/australia/rps-8-2005.pdf
icrp-publication-103-2007	international	recommendations	../summaries/icrp-publication-103-2007.org	../sources/international/icrp-publication-103-2007.pdf
iaea-sf-1-2006	international	safety fundamentals	../summaries/iaea-sf-1-2006.org	../sources/international/iaea-sf-1-2006.pdf
iaea-gsr-part-3-2014	international	safety requirements	../summaries/iaea-gsr-part-3-2014.org	../sources/international/iaea-gsr-part-3-2014.pdf
iaea-ssg-46-2018	international	safety guide	../summaries/iaea-ssg-46-2018.org	../sources/international/iaea-ssg-46-2018.pdf
iaea-safety-reports-series-47-2006	international	technical safety report	../summaries/iaea-safety-reports-series-47-2006.org	../sources/international/iaea-safety-reports-series-47-2006.pdf
